[
  {
    "DevicePath" : "PciRoot(0x0)\/Pci(0x0,0x0)",
    "DeviceName" : "Xeon E3-1200 v6\/7th Gen Core Processor Host Bridge\/DRAM Registers",
    "ShadowDevice" : 22804,
    "IORegPath" : "IOService:\/AppleACPIPlatformExpert\/PCI0@0\/AppleACPIPCI\/pci8086,5914@0",
    "SlotName" : "Internal@0,0,0",
    "ASPM" : "Disabled",
    "IORegIOName" : "pci8086,5914",
    "ClassCode" : 393216,
    "Address" : 0,
    "PCIDebug" : "00:00.0",
    "VendorName" : "Intel Corporation",
    "ClassName" : "Bridge",
    "SubDeviceID" : 4621,
    "VendorID" : 32902,
    "IORegName" : "\/PCI0@0\/pci8086,5914@0",
    "Model" : "???",
    "SubClassName" : "Host bridge",
    "SubVendorID" : 4133,
    "ShadowVendor" : 32902,
    "DeviceID" : 22804,
    "BundleID" : "com.apple.driver.AppleACPIPlatform"
  },
  {
    "DevicePath" : "PciRoot(0x0)\/Pci(0x2,0x0)",
    "DeviceName" : "Intel HD Graphics 620",
    "ShadowDevice" : 22806,
    "IORegPath" : "IOService:\/AppleACPIPlatformExpert\/PCI0@0\/AppleACPIPCI\/IGPU@2",
    "SlotName" : "Internal@0,2,0",
    "ASPM" : "Disabled",
    "IORegIOName" : "display",
    "ClassCode" : 196608,
    "Address" : 131072,
    "PCIDebug" : "00:02.0",
    "VendorName" : "Intel Corporation",
    "ClassName" : "Display controller",
    "SubDeviceID" : 4621,
    "VendorID" : 32902,
    "IORegName" : "\/PCI0@0\/IGPU@2",
    "Model" : "Intel UHD Graphics 620\u0000",
    "SubClassName" : "VGA compatible controller",
    "SubVendorID" : 4133,
    "ShadowVendor" : 32902,
    "DeviceID" : 22806,
    "BundleID" : "com.apple.driver.AppleIntelKBLGraphicsFramebuffer"
  },
  {
    "DevicePath" : "PciRoot(0x0)\/Pci(0x4,0x0)",
    "DeviceName" : "Xeon E3-1200 v5\/E3-1500 v5\/6th Gen Core Processor Thermal Subsystem",
    "ShadowDevice" : 6403,
    "IORegPath" : "IOService:\/AppleACPIPlatformExpert\/PCI0@0\/AppleACPIPCI\/B0D4@4",
    "SlotName" : "Internal@0,4,0",
    "ASPM" : "Disabled",
    "IORegIOName" : "pci8086,1903",
    "ClassCode" : 1146880,
    "Address" : 262144,
    "PCIDebug" : "00:04.0",
    "VendorName" : "Intel Corporation",
    "ClassName" : "Signal processing controller",
    "SubDeviceID" : 4621,
    "VendorID" : 32902,
    "IORegName" : "\/PCI0@0\/B0D4@4",
    "Model" : "???",
    "SubClassName" : "Signal processing controller",
    "SubVendorID" : 4133,
    "ShadowVendor" : 32902,
    "DeviceID" : 6403,
    "BundleID" : "com.apple.driver.AppleACPIPlatform"
  },
  {
    "DevicePath" : "PciRoot(0x0)\/Pci(0x14,0x0)",
    "DeviceName" : "Sunrise Point-LP USB 3.0 xHCI Controller",
    "ShadowDevice" : 40239,
    "IORegPath" : "IOService:\/AppleACPIPlatformExpert\/PCI0@0\/AppleACPIPCI\/XHC@14",
    "SlotName" : "Internal@0,20,0",
    "ASPM" : "Disabled",
    "IORegIOName" : "pci8086,9d2f",
    "ClassCode" : 787248,
    "Address" : 1310720,
    "PCIDebug" : "00:14.0",
    "VendorName" : "Intel Corporation",
    "ClassName" : "Serial bus controller",
    "SubDeviceID" : 4621,
    "VendorID" : 32902,
    "IORegName" : "\/PCI0@0\/XHC@14",
    "Model" : "???",
    "SubClassName" : "USB controller",
    "SubVendorID" : 4133,
    "ShadowVendor" : 32902,
    "DeviceID" : 40239,
    "BundleID" : "com.apple.driver.usb.AppleUSBXHCIPCI"
  },
  {
    "DevicePath" : "PciRoot(0x0)\/Pci(0x14,0x2)",
    "DeviceName" : "Sunrise Point-LP Thermal subsystem",
    "ShadowDevice" : 40241,
    "IORegPath" : "IOService:\/AppleACPIPlatformExpert\/PCI0@0\/AppleACPIPCI\/pci8086,9d31@14,2",
    "SlotName" : "Internal@0,20,2",
    "ASPM" : "Disabled",
    "IORegIOName" : "pci8086,9d31",
    "ClassCode" : 1146880,
    "Address" : 1310722,
    "PCIDebug" : "00:14.2",
    "VendorName" : "Intel Corporation",
    "ClassName" : "Signal processing controller",
    "SubDeviceID" : 4621,
    "VendorID" : 32902,
    "IORegName" : "\/PCI0@0\/pci8086,9d31@14,2",
    "Model" : "???",
    "SubClassName" : "Signal processing controller",
    "SubVendorID" : 4133,
    "ShadowVendor" : 32902,
    "DeviceID" : 40241,
    "BundleID" : "com.apple.driver.AppleACPIPlatform"
  },
  {
    "DevicePath" : "PciRoot(0x0)\/Pci(0x15,0x0)",
    "DeviceName" : "Sunrise Point-LP Serial IO I2C Controller #0",
    "ShadowDevice" : 40288,
    "IORegPath" : "IOService:\/AppleACPIPlatformExpert\/PCI0@0\/AppleACPIPCI\/I2C0@15",
    "SlotName" : "Internal@0,21,0",
    "ASPM" : "Disabled",
    "IORegIOName" : "pci8086,9d60",
    "ClassCode" : 1146880,
    "Address" : 1376256,
    "PCIDebug" : "00:15.0",
    "VendorName" : "Intel Corporation",
    "ClassName" : "Signal processing controller",
    "SubDeviceID" : 4621,
    "VendorID" : 32902,
    "IORegName" : "\/PCI0@0\/I2C0@15",
    "Model" : "???",
    "SubClassName" : "Signal processing controller",
    "SubVendorID" : 4133,
    "ShadowVendor" : 32902,
    "DeviceID" : 40288,
    "BundleID" : "com.alexandred.VoodooI2C"
  },
  {
    "DevicePath" : "PciRoot(0x0)\/Pci(0x15,0x1)",
    "DeviceName" : "Sunrise Point-LP Serial IO I2C Controller #1",
    "ShadowDevice" : 40289,
    "IORegPath" : "IOService:\/AppleACPIPlatformExpert\/PCI0@0\/AppleACPIPCI\/I2C1@15,1",
    "SlotName" : "Internal@0,21,1",
    "ASPM" : "Disabled",
    "IORegIOName" : "pci8086,9d61",
    "ClassCode" : 1146880,
    "Address" : 1376257,
    "PCIDebug" : "00:15.1",
    "VendorName" : "Intel Corporation",
    "ClassName" : "Signal processing controller",
    "SubDeviceID" : 4621,
    "VendorID" : 32902,
    "IORegName" : "\/PCI0@0\/I2C1@15,1",
    "Model" : "???",
    "SubClassName" : "Signal processing controller",
    "SubVendorID" : 4133,
    "ShadowVendor" : 32902,
    "DeviceID" : 40289,
    "BundleID" : "com.alexandred.VoodooI2C"
  },
  {
    "DevicePath" : "PciRoot(0x0)\/Pci(0x16,0x0)",
    "DeviceName" : "Sunrise Point-LP CSME HECI #1",
    "ShadowDevice" : 40250,
    "IORegPath" : "IOService:\/AppleACPIPlatformExpert\/PCI0@0\/AppleACPIPCI\/IMEI@16",
    "SlotName" : "Internal@0,22,0",
    "ASPM" : "Disabled",
    "IORegIOName" : "pci8086,9d3a",
    "ClassCode" : 491520,
    "Address" : 1441792,
    "PCIDebug" : "00:16.0",
    "VendorName" : "Intel Corporation",
    "ClassName" : "Communication controller",
    "SubDeviceID" : 4621,
    "VendorID" : 32902,
    "IORegName" : "\/PCI0@0\/IMEI@16",
    "Model" : "???",
    "SubClassName" : "Communication controller",
    "SubVendorID" : 4133,
    "ShadowVendor" : 32902,
    "DeviceID" : 40250,
    "BundleID" : "com.apple.driver.AppleACPIPlatform"
  },
  {
    "DevicePath" : "PciRoot(0x0)\/Pci(0x17,0x0)",
    "DeviceName" : "Sunrise Point-LP SATA Controller [AHCI mode]",
    "ShadowDevice" : 40195,
    "IORegPath" : "IOService:\/AppleACPIPlatformExpert\/PCI0@0\/AppleACPIPCI\/SAT0@17",
    "SlotName" : "Internal@0,23,0",
    "ASPM" : "Disabled",
    "IORegIOName" : "pci8086,9d03",
    "ClassCode" : 67073,
    "Address" : 1507328,
    "PCIDebug" : "00:17.0",
    "VendorName" : "Intel Corporation",
    "ClassName" : "Mass storage controller",
    "SubDeviceID" : 4621,
    "VendorID" : 32902,
    "IORegName" : "\/PCI0@0\/SAT0@17",
    "Model" : "???",
    "SubClassName" : "SATA controller",
    "SubVendorID" : 4133,
    "ShadowVendor" : 32902,
    "DeviceID" : 40195,
    "BundleID" : "com.apple.driver.AppleAHCIPort"
  },
  {
    "DevicePath" : "PciRoot(0x0)\/Pci(0x1C,0x0)",
    "DeviceName" : "Sunrise Point-LP PCI Express Root Port #6",
    "ShadowDevice" : 40213,
    "IORegPath" : "IOService:\/AppleACPIPlatformExpert\/PCI0@0\/AppleACPIPCI\/RP06@1C",
    "SlotName" : "Internal@0,28,0",
    "ASPM" : "L1",
    "IORegIOName" : "pci-bridge",
    "ClassCode" : 394240,
    "Address" : 1835008,
    "PCIDebug" : "00:1C.0",
    "VendorName" : "Intel Corporation",
    "ClassName" : "Bridge",
    "SubDeviceID" : 0,
    "VendorID" : 32902,
    "IORegName" : "\/PCI0@0\/RP06@1C",
    "Model" : "???",
    "SubClassName" : "PCI bridge",
    "SubVendorID" : 0,
    "ShadowVendor" : 32902,
    "DeviceID" : 40213,
    "BundleID" : "com.apple.iokit.IOPCIFamily"
  },
  {
    "DevicePath" : "PciRoot(0x0)\/Pci(0x1F,0x0)",
    "DeviceName" : "Sunrise Point LPC Controller\/eSPI Controller",
    "ShadowDevice" : 40270,
    "IORegPath" : "IOService:\/AppleACPIPlatformExpert\/PCI0@0\/AppleACPIPCI\/LPCB@1F",
    "SlotName" : "Internal@0,31,0",
    "ASPM" : "Disabled",
    "IORegIOName" : "pci8086,9d4e",
    "ClassCode" : 393472,
    "Address" : 2031616,
    "PCIDebug" : "00:1F.0",
    "VendorName" : "Intel Corporation",
    "ClassName" : "Bridge",
    "SubDeviceID" : 4621,
    "VendorID" : 32902,
    "IORegName" : "\/PCI0@0\/LPCB@1F",
    "Model" : "???",
    "SubClassName" : "ISA bridge",
    "SubVendorID" : 4133,
    "ShadowVendor" : 32902,
    "DeviceID" : 40270,
    "BundleID" : "com.apple.kpi.iokit"
  },
  {
    "DevicePath" : "PciRoot(0x0)\/Pci(0x1F,0x2)",
    "DeviceName" : "Sunrise Point-LP PMC",
    "ShadowDevice" : 40225,
    "IORegPath" : "IOService:\/AppleACPIPlatformExpert\/PCI0@0\/AppleACPIPCI\/PPMC@1F,2",
    "SlotName" : "Internal@0,31,2",
    "ASPM" : "Disabled",
    "IORegIOName" : "pci8086,9d21",
    "ClassCode" : 360448,
    "Address" : 2031618,
    "PCIDebug" : "00:1F.2",
    "VendorName" : "Intel Corporation",
    "ClassName" : "Memory controller",
    "SubDeviceID" : 4621,
    "VendorID" : 32902,
    "IORegName" : "\/PCI0@0\/PPMC@1F,2",
    "Model" : "???",
    "SubClassName" : "Memory controller",
    "SubVendorID" : 4133,
    "ShadowVendor" : 32902,
    "DeviceID" : 40225,
    "BundleID" : "com.apple.driver.AppleIntelPCHPMC"
  },
  {
    "DevicePath" : "PciRoot(0x0)\/Pci(0x1F,0x3)",
    "DeviceName" : "Sunrise Point-LP HD Audio",
    "ShadowDevice" : 40305,
    "IORegPath" : "IOService:\/AppleACPIPlatformExpert\/PCI0@0\/AppleACPIPCI\/HDEF@1F,3",
    "SlotName" : "Internal@0,31,3",
    "ASPM" : "Disabled",
    "IORegIOName" : "pci8086,9d71",
    "ClassCode" : 263040,
    "Address" : 2031619,
    "PCIDebug" : "00:1F.3",
    "VendorName" : "Intel Corporation",
    "ClassName" : "Multimedia controller",
    "SubDeviceID" : 4621,
    "VendorID" : 32902,
    "IORegName" : "\/PCI0@0\/HDEF@1F,3",
    "Model" : "Sunrise Point-LP HD Audio\u0000",
    "SubClassName" : "Audio device",
    "SubVendorID" : 4133,
    "ShadowVendor" : 32902,
    "DeviceID" : 40305,
    "BundleID" : "com.apple.driver.AppleHDAController"
  },
  {
    "DevicePath" : "PciRoot(0x0)\/Pci(0x1F,0x4)",
    "DeviceName" : "Sunrise Point-LP SMBus",
    "ShadowDevice" : 40227,
    "IORegPath" : "IOService:\/AppleACPIPlatformExpert\/PCI0@0\/AppleACPIPCI\/SBUS@1F,4",
    "SlotName" : "Internal@0,31,4",
    "ASPM" : "Disabled",
    "IORegIOName" : "pci8086,9d23",
    "ClassCode" : 787712,
    "Address" : 2031620,
    "PCIDebug" : "00:1F.4",
    "VendorName" : "Intel Corporation",
    "ClassName" : "Serial bus controller",
    "SubDeviceID" : 4621,
    "VendorID" : 32902,
    "IORegName" : "\/PCI0@0\/SBUS@1F,4",
    "Model" : "???",
    "SubClassName" : "SMBus",
    "SubVendorID" : 4133,
    "ShadowVendor" : 32902,
    "DeviceID" : 40227,
    "BundleID" : "com.apple.driver.AppleACPIPlatform"
  },
  {
    "DevicePath" : "PciRoot(0x0)\/Pci(0x1C,0x0)\/Pci(0x0,0x0)",
    "DeviceName" : "BCM4352 802.11ac Wireless Network Adapter",
    "ShadowDevice" : 17329,
    "IORegPath" : "IOService:\/AppleACPIPlatformExpert\/PCI0@0\/AppleACPIPCI\/RP06@1C\/IOPP\/PXSX@0",
    "SlotName" : "Internal@0,28,0\/0,0",
    "ASPM" : "L1",
    "IORegIOName" : "pci14e4,43b1",
    "ClassCode" : 163840,
    "Address" : 0,
    "PCIDebug" : "01:00.0",
    "VendorName" : "Broadcom Inc. and subsidiaries",
    "ClassName" : "Network controller",
    "SubDeviceID" : 1571,
    "VendorID" : 5348,
    "IORegName" : "\/PCI0@0\/RP06@1C\/PXSX@0",
    "Model" : "???",
    "SubClassName" : "Network controller",
    "SubVendorID" : 6058,
    "ShadowVendor" : 5348,
    "DeviceID" : 17329,
    "BundleID" : "com.apple.iokit.IOPCIFamily"
  }
]